<?xml version="1.0" encoding="UTF-8"?>
<project-private xmlns="http://www.netbeans.org/ns/project-private/1">
    <editor-bookmarks xmlns="http://www.netbeans.org/ns/editor-bookmarks/2" lastBookmarkId="0"/>
    <open-files xmlns="http://www.netbeans.org/ns/projectui-open-files/2">
        <group>
            <file>file:/C:/Users/Karandeep/Documents/NetBeansProjects/gurukul/src/Bill_form.java</file>
            <file>file:/C:/Users/Karandeep/Documents/NetBeansProjects/gurukul/src/checkout.java</file>
            <file>file:/C:/Users/Karandeep/Documents/NetBeansProjects/gurukul/src/enquiry.java</file>
            <file>file:/C:/Users/Karandeep/Documents/NetBeansProjects/gurukul/src/notice.java</file>
            <file>file:/C:/Users/Karandeep/Documents/NetBeansProjects/gurukul/src/notice1.java</file>
            <file>file:/C:/Users/Karandeep/Documents/NetBeansProjects/gurukul/src/Payment.java</file>
            <file>file:/C:/Users/Karandeep/Documents/NetBeansProjects/gurukul/src/visitor.java</file>
            <file>file:/C:/Users/Karandeep/Documents/NetBeansProjects/gurukul/src/bedavail.java</file>
            <file>file:/C:/Users/Karandeep/Documents/NetBeansProjects/gurukul/src/Main_Menu.java</file>
            <file>file:/C:/Users/Karandeep/Documents/NetBeansProjects/gurukul/src/End.java</file>
            <file>file:/C:/Users/Karandeep/Documents/NetBeansProjects/gurukul/src/Rules.java</file>
            <file>file:/C:/Users/Karandeep/Documents/NetBeansProjects/gurukul/src/WELCOME.java</file>
            <file>file:/C:/Users/Karandeep/Documents/NetBeansProjects/gurukul/src/notice2.java</file>
            <file>file:/C:/Users/Karandeep/Documents/NetBeansProjects/gurukul/src/notice3.java</file>
            <file>file:/C:/Users/Karandeep/Documents/NetBeansProjects/gurukul/src/notice5.java</file>
            <file>file:/C:/Users/Karandeep/Documents/NetBeansProjects/gurukul/src/notice4.java</file>
            <file>file:/C:/Users/Karandeep/Documents/NetBeansProjects/gurukul/src/Collage.java</file>
        </group>
    </open-files>
</project-private>
